Produktname,SKU,Preis (€),Verfügbarkeit
Haribo Goldbären,SKU1521,1.49,Ja
Trolli Gummi Bears,SKU1522,1.29,Ja
Milka Schokolade,SKU1523,1.99,Ja
KitKat Riegel,SKU1524,0.79,Ja
M&M's Schokolinsen,SKU1525,1.99,Ja
Lindt Lindor Kugeln,SKU1526,3.49,Ja
Kinder Bueno,SKU1527,1.79,Ja
Twix Riegel,SKU1528,0.99,Ja
Skittles Fruchtgummi,SKU1529,1.29,Ja
Snickers Riegel,SKU1530,0.89,Ja
Hershey's Schokoriegel,SKU1531,1.49,Ja
Reese's Peanut Butter Cups,SKU1532,1.99,Ja
Ferrero Rocher,SKU1533,2.99,Ja
Gummibärchen,SKU1534,0.99,Ja
Haribo Fruchtgummi,SKU1535,1.19,Ja
Toblerone Schokolade,SKU1536,2.49,Ja
Maoam Fruchtgummi,SKU1537,0.79,Ja
Ritter Sport Schokolade,SKU1538,1.79,Ja
Nestlé Smarties,SKU1539,0.99,Ja
Katjes Fruchtgummi,SKU1540,1.29,Ja
Milka Alpenmilch Schokolade,SKU1541,1.69,Ja
Giotto,SKU1542,2.29,Ja
Bounty Riegel,SKU1543,1.49,Ja
After Eight Minzschokolade,SKU1544,1.99,Ja
Cadbury Dairy Milk Schokolade,SKU1545,1.79,Ja
Kinder Country Riegel,SKU1546,1.29,Ja
Lakritz Bonbons,SKU1547,1.19,Ja
Jelly Belly Jelly Beans,SKU1548,2.49,Ja
Milky Way Riegel,SKU1549,0.99,Ja
Nimm2 Bonbons,SKU1550,1.29,Ja
Mentos Kaugummi,SKU1551,0.99,Ja
Kinder Schokobons,SKU1552,1.79,Ja
Hershey's Kisses,SKU1553,1.49,Ja
Lindt Excellence Schokolade,SKU1554,2.99,Ja
Twix White Riegel,SKU1555,1.09,Ja
Trolli Sour Brite Crawlers,SKU1556,1.29,Ja
Milka Oreo Schokolade,SKU1557,1.99,Ja
Nestlé Lion Riegel,SKU1558,1.39,Ja
Ferrero Küsschen,SKU1559,2.49,Ja
Sour Patch Kids Fruchtgummi,SKU1560,1.49,Ja
Raffaello,SKU1561,3.49,Ja
Mars Riegel,SKU1562,0.89,Ja
Kinder Maxi King,SKU1563,1.69,Ja
Storck Toffifee,SKU1564,1.99,Ja
Skittles Crazy Sours,SKU1565,1.29,Ja
Haribo Maoam Bloxx,SKU1566,0.99,Ja
Kinder Riegel,SKU1567,1.29,Ja
Nestlé Milkybar,SKU1568,0.99,Ja
Toblerone Crunchy Salted Caramel,SKU1569,2.79,Ja
Twix Peanut Butter Riegel,SKU1570,1.09,Ja
Mentos Fruchtbonbons,SKU1571,0.79,Ja
Milka Erdbeer Schokolade,SKU1572,1.99,Ja
Ferrero Duplo,SKU1573,1.49,Ja
Reese's Pieces,SKU1574,1.99,Ja
Snickers White Riegel,SKU1575,0.89,Ja
Lindt Hello Schokolade,SKU1576,2.29,Ja
Nestlé KitKat Chunky,SKU1577,0.99,Ja
Mamba Fruchtgummi,SKU1578,0.99,Ja
Haribo Color-Rado,SKU1579,1.19,Ja
M&M's Peanut,SKU1580,1.99,Ja
Cadbury Crunchie,SKU1581,1.79,Ja
Katjes Lakritz Schnecken,SKU1582,1.29,Ja
Nestlé Smarties Riegel,SKU1583,1.09,Ja
Maoam Crazy Roxx,SKU1584,0.79,Ja
Kinder Happy Hippo,SKU1585,1.39,Ja
Twix White Peanut Butter Riegel,SKU1586,1.09,Ja
Trolli Pfirsichringe,SKU1587,1.29,Ja
Milka Milka & Oreo Schokolade,SKU1588,2.29,Ja
Ferrero Hanuta,SKU1589,1.49,Ja
Sour Patch Watermelon Fruchtgummi,SKU1590,1.49,Ja
Ritter Sport Knusperkeks,SKU1591,1.79,Ja
Nestlé Yorkie Riegel,SKU1592,1.39,Ja
Milka Nuss-Nougat Schokolade,SKU1593,1.99,Ja
Hershey's Cookies 'n' Creme Riegel,SKU1594,1.49,Ja
Lindt Lindor Kugeln Orange,SKU1595,3.49,Ja
Twix White Minis,SKU1596,1.99,Ja
Trolli Spaghettini,SKU1597,1.29,Ja
Milka Haselnuss Schokolade,SKU1598,1.99,Ja
Haribo Balla Stixx,SKU1599,0.99,Ja
Mentos Chewing Gum,SKU1600,0.99,Ja
Kinder Chocolate,SKU1601,1.79,Ja
Hershey's Milk Chocolate,SKU1602,1.49,Ja
Lindt Lindor Assorted,SKU1603,3.99,Ja
Twix Cookies & Cream,SKU1604,1.09,Ja
Trolli Sour Brite Octopus,SKU1605,1.29,Ja
Milka Daim Schokolade,SKU1606,1.99,Ja
Nestlé Aero Riegel,SKU1607,1.39,Ja
Ferrero Rondnoir,SKU1608,2.49,Ja
Sour Patch Kids Watermelon,SKU1609,1.49,Ja
Ritter Sport Marzipan Schokolade,SKU1610,1.79,Ja
Mars Chocolate Bar,SKU1611,0.89,Ja
Kinder Joy,SKU1612,1.69,Ja
Storck Merci Chocolate,SKU1613,1.99,Ja
Skittles Fruits,SKU1614,1.29,Ja
Haribo Happy Cherries,SKU1615,0.99,Ja
Kinder Cards,SKU1616,1.29,Ja
Nestlé Milkybar Buttons,SKU1617,0.99,Ja
Toblerone Milk Chocolate,SKU1618,2.79,Ja
Twix White Chocolate,SKU1619,1.09,Ja
Mentos Chewy Mints,SKU1620,0.79,Ja
Milka Caramel Schokolade,SKU1621,1.99,Ja
Ferrero Hanuta Minis,SKU1622,1.49,Ja
Reese's Peanut Butter Cups Miniatures,SKU1623,1.99,Ja
Snickers Peanut Butter Riegel,SKU1624,0.89,Ja
Lindt Excellence 70% Cocoa Dark Chocolate,SKU1625,2.29,Ja
Nestlé KitKat Senses,SKU1626,0.99,Ja
Mamba Sour Fruit Chews,SKU1627,0.99,Ja
Haribo Peaches,SKU1628,1.19,Ja
M&M's Crispy,SKU1629,1.99,Ja
Cadbury Dairy Milk Oreo Chocolate,SKU1630,1.79,Ja
Katjes Salzige Heringe,SKU1631,1.29,Ja
Nestlé Smarties Sharing Block,SKU1632,1.09,Ja
Maoam Bloxx Sour,SKU1633,0.79,Ja
Kinder Delice,SKU1634,1.39,Ja
Twix Cookies & Cream Minis,SKU1635,1.09,Ja
Trolli Sour Glow Worms,SKU1636,1.29,Ja
Milka Choco & Biscuit Schokolade,SKU1637,2.29,Ja
Ferrero Duplo White,SKU1638,1.49,Ja
Sour Patch Kids Tropical,SKU1639,1.49,Ja
Ritter Sport Knusperflakes Schokolade,SKU1640,1.79,Ja
Nestlé Yorkie Raisin & Biscuit Riegel,SKU1641,1.39,Ja
Milka Oreo White Chocolate,SKU1642,1.99,Ja
Hershey's Cookies 'n' Chocolate Riegel,SKU1643,1.49,Ja
Lindt Excellence 85% Cocoa Dark Chocolate,SKU1644,2.99,Ja
Twix White Chocolate Minis,SKU1645,1.99,Ja
Trolli Sour Brite Crawlers Minis,SKU1646,1.29,Ja
Milka White Chocolate,SKU1647,1.99,Ja
Haribo Fizzy Cola Bottles,SKU1648,0.99,Ja
Hershey's Milk Chocolate Bar,SKU1600,1.49,Ja
Reese's Peanut Butter Cups,SKU1601,1.99,Ja
M&M's Peanut Butter,SKU1602,1.79,Ja
Twizzlers Strawberry Twists,SKU1603,1.29,Ja
Sour Patch Kids,SKU1604,1.49,Ja
Hershey's Cookies 'n' Creme Bar,SKU1605,1.49,Ja
KitKat Chunky,SKU1606,0.99,Ja
Milky Way Bar,SKU1607,0.99,Ja
Skittles Original,SKU1608,1.29,Ja
Snickers Bar,SKU1609,0.89,Ja
Jolly Rancher Hard Candy,SKU1610,1.29,Ja
Hershey's Kisses,SKU1611,1.29,Ja
Reese's Pieces,SKU1612,1.99,Ja
Nerds Candy,SKU1613,1.29,Ja
Junior Mints,SKU1614,1.49,Ja
Butterfinger Bar,SKU1615,1.29,Ja
Twix Bar,SKU1616,0.99,Ja
Mike and Ike Fruit Flavored Candy,SKU1617,1.29,Ja
York Peppermint Patties,SKU1618,1.49,Ja
Baby Ruth Bar,SKU1619,1.29,Ja
Whoppers Malted Milk Balls,SKU1620,1.49,Ja
Mounds Bar,SKU1621,1.29,Ja
Tootsie Roll,SKU1622,0.79,Ja
Warheads Extreme Sour Hard Candy,SKU1623,1.29,Ja
3 Musketeers Bar,SKU1624,0.99,Ja
PayDay Bar,SKU1625,1.29,Ja
Hershey's Almond Joy Bar,SKU1626,1.29,Ja
Airheads Candy,SKU1627,1.19,Ja
Laffy Taffy,SKU1628,0.99,Ja
Milky Way Midnight Bar,SKU1629,0.99,Ja
Reese's Fast Break Bar,SKU1630,1.29,Ja
Sour Punch Straws,SKU1631,1.49,Ja
Hershey's Special Dark Chocolate Bar,SKU1632,1.49,Ja
Butterfinger Cups,SKU1633,1.79,Ja
Snickers Almond Bar,SKU1634,1.29,Ja
Lifesavers Gummies,SKU1635,1.29,Ja
Jelly Belly Jelly Beans,SKU1636,1.99,Ja
Milky Way Simply Caramel Bar,SKU1637,0.99,Ja
Swedish Fish Candy,SKU1638,1.29,Ja
100 Grand Bar,SKU1639,1.29,Ja
Nestle Crunch Bar,SKU1640,0.99,Ja
Sour Patch Watermelon Candy,SKU1641,1.49,Ja
Snickers Peanut Brownie Bar,SKU1642,1.49,Ja
Reese's Take 5 Bar,SKU1643,1.79,Ja
Mike and Ike Mega Mix,SKU1644,1.29,Ja
Jolly Rancher Gummies,SKU1645,1.29,Ja
Milky Way Salted Caramel Bar,SKU1646,0.99,Ja
Tootsie Pops,SKU1647,0.79,Ja
Hershey's Gold Bar,SKU1648,1.29,Ja
Twix White Chocolate Cookie Bars,SKU1649,1.09,Ja
Lemonheads Candy,SKU1650,1.29,Ja
Hershey's Reese's Stuffed with Pieces,SKU1651,1.99,Ja
Twix White Chocolate Peanut Butter,SKU1652,1.29,Ja
Jolly Rancher Hard Candy Assortment,SKU1653,1.49,Ja
Skittles Sour Candy,SKU1654,1.29,Ja
Butterfinger Bites,SKU1655,1.79,Ja
Snickers Creamy Peanut Butter Squares,SKU1656,1.49,Ja
Reese's White Peanut Butter Cups,SKU1657,1.99,Ja
Hershey's PayDay King Size,SKU1658,1.79,Ja
Twizzlers Twists,SKU1659,1.29,Ja
Sour Patch Kids Extreme,SKU1660,1.49,Ja
M&M's Pretzel Chocolate Candies,SKU1661,1.79,Ja
Nerds Rope,SKU1662,1.29,Ja
Hershey's Cookies 'n' Mint Bar,SKU1663,1.49,Ja
Milky Way Fudge Bar,SKU1664,0.99,Ja
Reese's Pieces Peanut Butter Candy in a Crunchy Shell,SKU1665,1.99,Ja
Whatchamacallit Bar,SKU1666,1.49,Ja
KitKat White Chocolate Bar,SKU1667,1.09,Ja
Mike and Ike Original Fruits,SKU1668,1.29,Ja
Hershey's Whatchamacallit King Size,SKU1669,1.79,Ja
Sour Patch Kids Berries,SKU1670,1.49,Ja
M&M's Almond Chocolate Candies,SKU1671,1.99,Ja
Jolly Rancher Lollipops,SKU1672,1.29,Ja
Hershey's Take 5 Bar,SKU1673,1.79,Ja
Twix Cookies & Creme,SKU1674,1.29,Ja
Snickers Hazelnut Bar,SKU1675,1.49,Ja
Reese's Nutrageous Bar,SKU1676,1.29,Ja
Hershey's Kisses Deluxe,SKU1677,1.99,Ja
Milky Way Caramel Cookie Bar,SKU1678,0.99,Ja
Skittles Brightside Candy,SKU1679,1.29,Ja
Jolly Rancher Bites,SKU1680,1.49,Ja
Sour Punch Bites,SKU1681,1.29,Ja
Hershey's Milk Chocolate Drops,SKU1682,1.49,Ja
Snickers Almond Brownie Bar,SKU1683,1.49,Ja
Reese's Pieces Big Cup,SKU1684,1.79,Ja
Twix Dark Chocolate Cookie Bars,SKU1685,1.09,Ja
Sour Patch Kids Tropical,SKU1686,1.49,Ja
M&M's Caramel Chocolate Candies,SKU1687,1.99,Ja
Nerds Big Chewy Candy,SKU1688,1.29,Ja
Hershey's Reese's Pieces Peanut Butter Cups Miniatures,SKU1689,1.49,Ja
KitKat Dark Chocolate Bar,SKU1690,1.09,Ja
Mike and Ike Mega Mix Sour,SKU1691,1.29,Ja
Twizzlers Pull 'n' Peel Cherry,SKU1692,1.29,Ja
Snickers Creamy Maple Almond Butter Squares,SKU1693,1.49,Ja
Reese's Dark Chocolate Peanut Butter Cups,SKU1694,1.99,Ja
Hershey's Reese's Milk Chocolate and Peanut Butter Cups Miniatures,SKU1695,1.49,Ja
Milky Way Simply Caramel Fun Size Bars,SKU1696,0.99,Ja
Skittles Wild Berry Candy,SKU1697,1.29,Ja
Butterfinger Peanut Butter Cups,SKU1698,1.79,Ja
Sour Punch Straws Rainbow,SKU1699,1.49,Ja
Jolly Rancher Gummies Sours,SKU1700,1.29,Ja